UNIQUE_ID,ROW,COL,YEAR,LOCATION,PLOT,REP,TREATMENT,PLANTA
a298112f-532f-4211-a309-034f16e254cb,1,1,2025,Grande teste,1,1,OLIVIA,P1
2b90c4da-898c-4d5c-81db-90a228beefa7,1,1,2025,Grande teste,1,1,OLIVIA,P2
1567421d-2fd1-4ec4-9af1-5638b049dd66,1,1,2025,Grande teste,1,1,OLIVIA,P3
7e7c8e95-2fa8-4025-b2d8-72377230c007,1,1,2025,Grande teste,1,1,OLIVIA,P4
ee609a67-4233-40c8-849c-2699e54f97d9,1,1,2025,Grande teste,1,1,OLIVIA,P5
976a3a29-04f1-4ef5-9e7b-e8fed5618a5f,1,2,2025,Grande teste,2,1,SOREX,P1
2b3eb68d-c3c4-43ce-9b9a-afeedf6e68e8,1,2,2025,Grande teste,2,1,SOREX,P2
381ae0c6-ed4c-48df-87e8-0d459ae9821f,1,2,2025,Grande teste,2,1,SOREX,P3
d32afc5d-5e29-4aee-b4a2-353f1da13d57,1,2,2025,Grande teste,2,1,SOREX,P4
01c3c96c-1360-41e0-ae74-d3717e621beb,1,2,2025,Grande teste,2,1,SOREX,P5
7c1cc088-5d23-4073-a572-b65d95ea06c2,1,3,2025,Grande teste,3,1,NEPEM,P1
1bde19ca-8f04-466a-ac9c-bfcf816dedf1,1,3,2025,Grande teste,3,1,NEPEM,P2
8d0d5c6d-dda7-4f69-b527-68675e6e70f1,1,3,2025,Grande teste,3,1,NEPEM,P3
953e6d74-c466-459d-bec0-e52cdaf3c057,1,3,2025,Grande teste,3,1,NEPEM,P4
1b33c678-da98-45f9-b513-1c2502c9425f,1,3,2025,Grande teste,3,1,NEPEM,P5
7e7f5eaf-d8d8-4a99-974d-4f6eacdcfdd5,2,3,2025,Grande teste,4,1,HERMES,P1
4874561a-05c7-4b02-9a05-a3071e975245,2,3,2025,Grande teste,4,1,HERMES,P2
58a33d7e-ced0-4577-85dd-457457c66349,2,3,2025,Grande teste,4,1,HERMES,P3
911e8494-ef84-4746-87f8-10f2097df69f,2,3,2025,Grande teste,4,1,HERMES,P4
5786f6fc-cae4-4607-89a6-4c83d4b77d91,2,3,2025,Grande teste,4,1,HERMES,P5
a8b9ddc4-a5cd-4ded-9a46-9c25bf92ff3f,2,2,2025,Grande teste,5,1,T1,P1
05b37197-b5d9-4379-8333-008e5917016e,2,2,2025,Grande teste,5,1,T1,P2
4e3719cc-0b35-4ca6-a5e7-7aef6f68c7cc,2,2,2025,Grande teste,5,1,T1,P3
da3b77a1-d47f-46a2-9554-24d66d1a0959,2,2,2025,Grande teste,5,1,T1,P4
99f10ca1-2528-4401-80a6-7d6198c69c45,2,2,2025,Grande teste,5,1,T1,P5
afbc6f62-c517-49b0-8922-f6c36bd571ab,2,1,2025,Grande teste,6,1,T2,P1
83967c2d-e8e8-4c3b-be81-4986e77d3a4e,2,1,2025,Grande teste,6,1,T2,P2
dfb97148-3613-4551-8b00-dba97237ed67,2,1,2025,Grande teste,6,1,T2,P3
349302f8-02b1-450c-943d-3a9e5b0c8d37,2,1,2025,Grande teste,6,1,T2,P4
3de2fb5d-7f28-456d-b8e2-a0e9a1470011,2,1,2025,Grande teste,6,1,T2,P5
a22e56ca-3730-4dc2-b56d-cd0183105b74,3,1,2025,Grande teste,7,2,T2,P1
3afdaeeb-0a83-45e3-a363-8be7087f21f2,3,1,2025,Grande teste,7,2,T2,P2
da3e0b63-26a1-48c7-b099-53c516120121,3,1,2025,Grande teste,7,2,T2,P3
e3f83e6a-b035-4901-9c17-5bd5e91adaf3,3,1,2025,Grande teste,7,2,T2,P4
88b56b2a-ed83-4742-ba95-c3580703c732,3,1,2025,Grande teste,7,2,T2,P5
64fe2f52-7b97-44ed-9fe3-c309e4f7a130,3,2,2025,Grande teste,8,2,HERMES,P1
28babdb0-5bf1-4491-81be-c0e6caa88caa,3,2,2025,Grande teste,8,2,HERMES,P2
9d1dda81-e2a5-434b-a358-741cdbfbfae6,3,2,2025,Grande teste,8,2,HERMES,P3
0acc6305-7ba2-400c-9eba-fb719eca1ffb,3,2,2025,Grande teste,8,2,HERMES,P4
01784aeb-eed5-426d-b842-a8098607722c,3,2,2025,Grande teste,8,2,HERMES,P5
cfa4e055-9a4d-472f-b64b-f9e0535a11f2,3,3,2025,Grande teste,9,2,NEPEM,P1
aa3c2f52-b1a0-4ac6-a8e8-a7e4bae8ad7b,3,3,2025,Grande teste,9,2,NEPEM,P2
abb0ec45-b9d6-46ea-bf19-9cce8530a161,3,3,2025,Grande teste,9,2,NEPEM,P3
88079647-3d92-4b3b-818a-be1d914066f9,3,3,2025,Grande teste,9,2,NEPEM,P4
81b4f0ab-0600-4818-9600-0a64f9efc55e,3,3,2025,Grande teste,9,2,NEPEM,P5
a6f723fe-20da-4657-b2b6-e6d383e32646,4,3,2025,Grande teste,10,2,T1,P1
d53fd1dd-f5cd-4f9b-ad55-a0397c034322,4,3,2025,Grande teste,10,2,T1,P2
3923f736-39cb-4493-8de0-77d7fc2972b3,4,3,2025,Grande teste,10,2,T1,P3
9fadc551-758c-48e0-836d-d5cc894365d8,4,3,2025,Grande teste,10,2,T1,P4
153fe1f2-b0c4-4f59-85f1-2dc25c3f844e,4,3,2025,Grande teste,10,2,T1,P5
28995277-918f-45d2-9c2b-09d769ab165a,4,2,2025,Grande teste,11,2,SOREX,P1
44fe037a-0577-4251-b46b-898bc11e51c5,4,2,2025,Grande teste,11,2,SOREX,P2
376bddee-2453-4c3d-9ee1-20cde110568a,4,2,2025,Grande teste,11,2,SOREX,P3
300e6799-c3fc-4ecd-84d3-e2f727a55902,4,2,2025,Grande teste,11,2,SOREX,P4
6fe4964e-0007-46c3-bdc6-01a23996337c,4,2,2025,Grande teste,11,2,SOREX,P5
4379d651-dfb8-40d8-9938-4b2b27e53c03,4,1,2025,Grande teste,12,2,OLIVIA,P1
7b589e38-474c-4757-a9c6-2a935e0d3a9e,4,1,2025,Grande teste,12,2,OLIVIA,P2
50217ab1-a142-4dce-9e74-f9764e3be8bc,4,1,2025,Grande teste,12,2,OLIVIA,P3
a8929181-0534-4036-8743-f1bea7e52e67,4,1,2025,Grande teste,12,2,OLIVIA,P4
57ee2218-8137-4032-8977-72cf37555a6b,4,1,2025,Grande teste,12,2,OLIVIA,P5
ea0f7e64-4083-4b48-b06b-b90287335302,5,1,2025,Grande teste,13,3,T2,P1
c7f864d9-399c-4823-808a-8ad08822d709,5,1,2025,Grande teste,13,3,T2,P2
3b4ce84f-8d02-4889-b71e-ee2552cfc941,5,1,2025,Grande teste,13,3,T2,P3
570c0a49-2887-47cb-8bfa-cc5d78cca857,5,1,2025,Grande teste,13,3,T2,P4
e88fb20d-11b6-4c1e-8789-3ff3b12e1cb7,5,1,2025,Grande teste,13,3,T2,P5
3482987c-2569-44ee-a11e-8b6f3dd692d8,5,2,2025,Grande teste,14,3,HERMES,P1
0bae407d-c0b9-4ae3-87af-dce75a02bedc,5,2,2025,Grande teste,14,3,HERMES,P2
1c49a539-c079-4947-9f97-f37564fa34a8,5,2,2025,Grande teste,14,3,HERMES,P3
68aaa6be-32e4-411b-985f-8a4148e6051f,5,2,2025,Grande teste,14,3,HERMES,P4
299f5d82-dad2-4a67-963a-dc0cef980f61,5,2,2025,Grande teste,14,3,HERMES,P5
b7420f79-8ff0-4077-a912-10bb81ed7685,5,3,2025,Grande teste,15,3,SOREX,P1
eef303c0-d388-40f3-ada2-163777e703de,5,3,2025,Grande teste,15,3,SOREX,P2
4f10d7e1-0a74-431d-8942-8470d8ce8584,5,3,2025,Grande teste,15,3,SOREX,P3
70389c3c-2ece-4022-a237-1f36adb4ac78,5,3,2025,Grande teste,15,3,SOREX,P4
b6bbc160-7546-475c-bed9-9ab5c42e34f7,5,3,2025,Grande teste,15,3,SOREX,P5
12999be0-cea8-40d1-8e2b-b7194e2abd76,6,3,2025,Grande teste,16,3,NEPEM,P1
6b811d49-3395-489b-82c5-bca998aa8493,6,3,2025,Grande teste,16,3,NEPEM,P2
f8b8a2a0-490d-4bd0-a913-cd9c1fdc2c68,6,3,2025,Grande teste,16,3,NEPEM,P3
49c16676-5665-4ccc-ba1c-87f3dd9fbfac,6,3,2025,Grande teste,16,3,NEPEM,P4
f4a51efe-9118-4bbc-9103-c131b2aa073f,6,3,2025,Grande teste,16,3,NEPEM,P5
c248e5c0-9e42-4b57-a942-b0205d0bf3ca,6,2,2025,Grande teste,17,3,OLIVIA,P1
d1f4d7ae-4f42-4eed-8001-876d7daf8613,6,2,2025,Grande teste,17,3,OLIVIA,P2
25dde682-a7fa-4c78-ae57-3097bbc73f37,6,2,2025,Grande teste,17,3,OLIVIA,P3
236094c0-9e31-4c78-a2ca-97cc2baa6dfb,6,2,2025,Grande teste,17,3,OLIVIA,P4
ddba733e-6c58-49dd-93c9-d837b46cdb56,6,2,2025,Grande teste,17,3,OLIVIA,P5
dab369f5-08e0-488d-b5ae-9ed854444f7f,6,1,2025,Grande teste,18,3,T1,P1
fa30801a-3625-4678-9e11-92462814d0c8,6,1,2025,Grande teste,18,3,T1,P2
b2a68aea-187f-4d2f-8d5a-54a705c55cad,6,1,2025,Grande teste,18,3,T1,P3
ae4f699b-9305-4282-bf35-597581fe1566,6,1,2025,Grande teste,18,3,T1,P4
94bb827e-e2ee-497a-8fcc-bc69a1188902,6,1,2025,Grande teste,18,3,T1,P5
